{
  "n_samples": 475,
  "n_skipped": 0,
  "binary_metrics": {
    "accuracy": 0.6568421052631579,
    "auc": 0.7127048811239194,
    "macro_precision": 0.6663292847503374,
    "macro_recall": 0.7108924711815562,
    "macro_f1": 0.640927536231884,
    "precision": 0.9035087719298246,
    "recall": 0.5936599423631124,
    "f1": 0.7165217391304348
  },
  "text_similarity": {
    "rouge_l": 0.0,
    "bertscore_f1": 0.0,
    "n_with_reference": 347
  },
  "auc": 0.7127048811239194,
  "accuracy": 0.6568421052631579,
  "json_compliance_rate": 0.9515789473684211,
  "fpr_at_95_tpr": 1.0,
  "fpr_at_tpr_levels": {
    "fpr_at_tpr_0.5": 0.109375,
    "fpr_at_tpr_0.7": 0.171875,
    "fpr_at_tpr_0.8": 0.84375,
    "fpr_at_tpr_0.9": 0.84375,
    "fpr_at_tpr_0.95": 1.0
  },
  "run_seconds": 1009.36,
  "clips_per_sec": 0.4706,
  "run_config": {
    "use_4bit": true,
    "batch_size": 16,
    "max_new_tokens": 160,
    "bertscore_lang": "en"
  }
}
